{"price_min": [123.35890622032295, 75.55504014686603], "price_max": [220.14027862389818, 205.48731302049305], "manufacturing_costs": [76.53236013300699, 66.30578957541016], "num_price_samples": 100, "scenario_steps": 500, "cut_n": 200}