{"price_min": [217.01199839495487, 94.05354128977778], "price_max": [395.56351834254025, 362.3908034612043], "manufacturing_costs": [76.53236013300699, 66.30578957541016], "num_price_samples": 50, "scenario_steps": 1903, "cut_n": 51}