Component,Cost
Component_1,2.49816047538945
Component_2,4.802857225639665
Component_3,3.9279757672456204
Component_4,3.3946339367881464
Component_5,1.624074561769746
Component_6,1.6239780813448106
Component_7,1.2323344486727978
Component_8,4.46470458309974
Component_9,3.404460046972835
Component_10,3.832290311184182
